body,title,url
"
Existen algunos organismos que causan enfermedades parasitarias que incluso pueden estar presentes en los alimentos y hasta en el agua, algunos de ellos no causan síntomas.
Si quieres limpiar tu organismo, en Menú te recomendamos acudir con tu médico de cabecera y complementar tu tratamiento con una dieta sana, ya que existen algunos alimentos que pueden ayudarte a eliminar los parásitos que habitan en tu sistema digestivo. 
Según información del Departamento de Agricultura de Estados Unidos, las enfermedades parasitarias se caracterizan por una serie de síntomas como diarrea, dolores abdominales, náuseas, gases y vómitos, esto es provocado por los parásitos que habitan en el organismo, lo más importante es que debes cuidarte para evitar complicaciones. 
Leer también: Razones para tomar agua de hierbabuena

Semillas de calabaza
Un estudio publicado en la revista especializada International Journal of Molecular Sciences demostró que las semillas de calabaza son un alimento que podría considerarse como un remedio natural debido a que posee propiedades antiparasitarias. Esto se debe a que estas semillas contienen ácidos grasos, aminoácidos y compuestos como la berberina y la cucurbitina, las cuales actúan sobre los parásitos. 


Ajo 
Un estudio realizado por investigadores de la Universidad de Alejandría encontró que el ajo, además de ser una especia, se le puede reconocer por sus propiedades antiparasitarias. El ajo contiene aminoácidos, minerales y vitaminas, con ello, este alimento es capaz de reducir notablemente la cantidad de parásitos que se encuentren alojados en el cuerpo.
Se recomienda consumir un diente de ajo fresco completo al día, o bien machacarlo y comerlo acompañado de un vaso de agua purificada. 
Leer también: 5 alimentos que puedes comer mucho y no engordar


Granada 
A través de una revisión realizada por científicos de la Universidad de Milán, se obtuvieron resultados positivos sobre los efectos antiparasitarios de esta fruta en el organismo humano. Esto se debe a los ácidos fenólicos, antioxidantes, vitaminas y minerales, además, la granada demostró presentar ventajas antiinflamatorias en los intestinos e inhibir síntomas como la diarrea, fiebre y debilidad. 

Leer también: Qué comer después de tener diarrea

Ajenjo 
Esta hierba tiene potenciales propiedades que pueden ayudarte a eliminar parásitos que pudieran estar presentes en tu estómago. De acuerdo con información del sitio Verywell Health, el ajenjo es un remedio natural por excelencia que puede eliminar parásitos intestinales, ya que contiene compuestos capaces de debilitar dichos organismos. 

Recuerda consultar a tu médico antes de hacer un cambio drástico en tu dieta y evita automedicarte.
",Alimentos que son desparasitantes naturales ,http://www.eluniversal.com.mx/menu/que-alimentos-pueden-eliminar-parasitos-intestinales
"
México acumuló, al corte de este 28 de mayo, 9 mil 044 muertes por Covid-19, con 81 mil 400 casos de contagios confirmados de coronavirus, según informaron autoridades de la Secretaría de Salud.
Hugo López-Gatell, subsecretario de Prevención y Promoción de la Salud, detalló que hay 36 mil 131 casos sospechosos, aunque con 137 mil 263 casos negativos acumulados en el país.
Hasta el miércoles, la Secretaría de Salud había confirmado 78 mil 23 casos confirmados, 8 mil 597 muertos y 15 mil 592 casos activos por coronavirus en México.
Este jueves se dio a conocer que para la reactivación de las actividades en la Ciudad de México, empresas encargadas de la minería, la fabricación de equipo de transporte, venta de bicicletas y producción de cerveza, así como sus cadenas de producción, el Instituto Mexicano del Seguro Social (IMSS) y la Secretaría de Desarrollo Económico (Sedeco) emitirán permisos para las aperturas, por lo que solicitarán diversos requisitos, como los horarios escalonados.
“Se tiene que solicitar el permiso al IMSS y la institución les informa que tienen que acercarse a las distintas secretarías de Gobierno de la Ciudad de México, principalmente la Secretaría de Desarrollo Económico, de tal manera que se pueda establecer, sobre todo horarios de trabajo”, explicó Claudia Sheinbaum, la jefa de Gobierno.
Sigue aquí la transmisión completa de la conferencia sobre casos de coronavirus en México, desde Palacio Nacional:

cev
","México supera las 9 mil muertes por Covid; hay 81,400 contagios",https://www.eluniversal.com.mx/nacion/sociedad/coronavirus-28-de-mayo-mexico-supera-las-9-mil-muertes-por-covid-hay-81400-contagios
"
Bienvenidos una vez más a su sección favorita “La peor vestida de la semana”. En esta ocasión tenemos a una de las actrices más guapas del espectáculo y ahora más ya que está esperando a un precioso bebé. Sin embargo, en esta semana vimos algo que realmente no entendimos y que por ello, se merece su puesto en esta temible sección de las famosas. Hablamos de Sherlyn quien realmente nos confundió con una de sus fotos en Instagram.
Y es que esta semana las celebridades parecieron lucir increíbles, no obstante, Sherlyn vaya que nos confundió con una de sus fotos de Instagram y realmente no sabemos cómo reaccionar. Entendemos el mensaje tierno, pero nos causó un poco de impacto cómo es que la misma enfermedad de la Covid-19 nos ha transformado y cómo ha cambiado nuestra propia realidad.
Leer también: Así luce Raquel Bigorra sin maquillaje 

via GIPHY
En Instagram Sherlyn subió una foto en traje de baño color ciruela. Sin embargo quiso combinar su traje de baño con un cubrebocas azul, una careta de plástico y unos lentes no en su rostro… ¡sino en su vientre! Esto realmente nos confundió. Entendemos el gesto divertido sin embargo, aún estamos procesando la foto, la cual fue acompañada con la siguiente descripción: “Esperando a mi principe @andrenuestrobebe mi pequeño #pandemial”.
 



 


 

 



 




Ver esta publicación en Instagram


 



 

 

 



 

 



 

 

 




 

 


Una publicación compartida por Sherlyn (@sherlyny) el 26 de May de 2020 a las 12:22  PDT




Leer también: Cómo elegir una crema antiedad
Tal vez es raro ver un cubrebocas en un vientre y no en el rostro y pese a que seguimos en contingencia hay que mantenernos seguros en casa y con todas las medidas posibles. Recuerden, los protectores, así como cubrebocas deben de ser usados de manera eficiente, ya que allá fuera puede que alguien lo necesite. Aún así, creemos que este tierno gesto maternal le haya animado a más de uno. Creemos que lo mejor que pudo haber hecho fue pintar un cubrebocas y la intención hubiese sido igual.

via GIPHY
¿Tú qué opinas?
 
",Y la peor vestida de la semana es… Sherlyn y su panza con cubrebocas,http://www.eluniversal.com.mx/de-ultima/la-peor-vestida-de-la-semana-es-sherlyn-y-su-panza-con-cubrebocas
"

Un punto de partida para comprender la función del consumo y las actitudes de los consumidores en la esfera de la alimentación, deriva de la premisa que tanto el trabajo humano como el consumo son parte nodal de toda sociedad en su proceso de producción. En las sociedades contemporáneas el ingreso es el reflejo de su avance y ello se concatena con el nivel de consumo que generan diversos tipos de bienes, aunque los alimentos son los más importantes. A raíz del TLCAN el sobrepeso y la obesidad presentaron un rápido incremento como resultado del modelo económico, de la transformación en las condiciones de producción y demanda de alimentos debido primordialmente a la migración del campo a los centros urbanos y a la transición alimentaria.

El sobrepeso y obesidad en México son un problema creciente, que no se estanca y se encuentra igualmente en zonas rurales, pobres, ricas y urbanas del país.

Según los expertos en tan solo cuatro décadas el perfil epidemiológico ha cambiado de una situación en que la desnutrición y las enfermedades infecciosas eran los mayores problemas de salud pública a uno dominado por la obesidad, la diabetes, las enfermedades cardiovasculares y otras enfermedades crónicas no transmisibles relacionadas con la nutrición.

Datos de la OCDE señalan que México ocupa el segundo lugar a nivel mundial, el primer lugar lo ocupa Estados Unidos, con mayor tasa de obesidad en adultos teniendo un grave impacto en el desempeño de la economía nacional. Hoy, ante la emergencia sanitaria el Covid-19 desnuda en las alarmantes cifras de decesos, gran parte de ellos; pacientes con condiciones médicas previas, el descomunal reto que tiene México en implementar con mayor agresividad un paquete de política de salud pública pese al avance en el etiquetado de alimentos y bebidas no alcohólicas.

De acuerdo a cifras de la OMS, en el mundo por cada 100 personas diagnosticadas con el Covid-19 fallecen 7 mientras aquí mueren 9, dos más que en el promedio del resto del planeta.

La alta tasa de letalidad que determina cuántas personas infectadas han fallecido podría responder a que los pacientes sufrían de obesidad, diabetes e hipertensión, las tres condiciones médicas que debilitan el sistema inmunológico.

Esto es sabido por el panel de expertos encabezado por el científico-político que ante el circo de cifras, curvas aplanadas y modelos que siembran dudas, no logra comunicar certidumbre a la ciudadanía entre los semáforos, desconfinamientos graduales, uso de cubrebocas y sanas distancias.

En el ya emblemático y desordenado concierto de balbuceantes contradicciones, el ciudadano presidente comenzará sus giras la semana próxima, en pleno pico de contagios y al diablo la prudencia. Y cuando una cuestión ocupa un lugar central del debate político con alto grado de polarización y con un número importante de actores, es ya la arena de la politización. Porque si para la 4T la aplicación de pruebas masivas es un “desperdicio de tiempo, de esfuerzo y de recursos”, política mata ciencia. Y sin mapa de ruta no hay regreso a la “nueva normalidad” sin riesgo de más contagios y defunciones.

Imperdonable que la apuesta sea con vidas humanas. El silencio cómplice de la corte palaciega esboza las formas y el fondo del peligroso espejismo. Y en pleno torbellino sanitario, los brutales recortes empujando a México al precipicio de la pobreza, el desempleo y la inseguridad.

Juntos.. haciendo historia.
",Política mata ciencia,https://www.eluniversal.com.mx/opinion/marcela-gomez-zalce/politica-mata-ciencia
"
La crisis sanitaria y económica que ha generado el coronavirus desplomó la confianza de las familias en el país, que hoy perciben menor posibilidad de adquirir bienes básicos, ahorrar o salir de vacaciones, de acuerdo con datos del Inegi y el Banco de México.

Al informar sobre el reporte mensual del Indicador de Confianza del Consumidor, dieron cuenta que reportó la peor caída de su historia en abril de este año.

En términos mensuales, el indicador tuvo un retroceso de 9.9 unidades y de manera anualizada fue de 13.3 puntos. Se trata del mayor desplome desde que inició su registro en abril de 2001.

El indicador, que mide la percepción de la coyuntura económica actual y futura de los miembros del hogar y del país reportó datos negativos en todos sus rubros.
 También lee: Confianza del consumidor reporta en abril la peor caída en su historia

El dato que registró el mayor deterioro es el de las posibilidades actuales de comprar ropa, zapatos y alimentos, el cual se contrajo 16.3 puntos en abril de 2020 respecto al mismo periodo del año pasado.

Le siguieron en orden de importancia, las posibilidades actuales de ahorrar, con disminución de 14.1; las posibilidades económicas de vacacionar de los miembros del hogar, con -13.5, así como la percepción de la situación del empleo en los próximos 12 meses, con -11.1.

“Como era de esperarse, la pandemia y su subsecuente afectación en la actividad económica tuvieron un fuerte impacto en la confianza de los consumidores, llevando este indicador a su nivel más bajo desde febrero de 2017, justo después de la liberalización de los precios de los energéticos”, comentó Juan Carlos Alderete, economista de Banorte.Mexicanos ven difícil comprar comida, viajar o ahorrar
 


Esto es consistente con los datos observados en el mercado laboral, los cuales muestran pérdidas de empleo formal en abril, así como menores ingresos, impactando el poder de compra, agregó.

Entre los cinco componentes de la Confianza del Consumidor, la percepción de la situación económica actual del hogar comparada con la de hace un año y la que tendrá dentro de 12 meses, cayeron 14.0 y 9.9 unidades cada una.

Encuesta telefónica

Ante la imposibilidad de realizar entrevistas cara a cara en esta etapa de la pandemia, el Inegi diseñó de manera alternativa a la encuesta tradicional, la Encuesta Telefónica sobre Confianza del Consumidor. Si bien, estos datos no son estrictamente comparables a los presentados en la serie histórica, el instituto informó que pueden ser utilizados como referencia.

El analista de Banorte dijo que aunque los datos de mayo también provendrán de un ejercicio telefónico, los niveles de la confianza seguirán deprimidos, incluso sin descartar un deterioro adicional.
 También lee: Covid-19 puede provocar una caída de ingresos tributarios de 421 mil mdp: BBVA

Esto puede ocurrir a pesar de los anuncios sobre el plan de reapertura a la actividad y medidas para estimular a la economía.

El especialista prevé que el número de casos nuevos de Covid-19 siga muy elevado, y que los datos disponibles muestran que persiste la debilidad económica.
","Mexicanos ven difícil comprar comida, viajar o ahorrar",http://www.eluniversal.com.mx/cartera/mexicanos-ven-dificil-comprar-comida-viajar-o-ahorrar
"
Texto: Susana Colin Moya
Con el objetivo de vacunar de viruela a la mayor cantidad de personas posibles, trece brigadas de estudiantes de medicina y enfermeras recorrieron las calles de la capital en junio de 1923.
Escuelas, talleres y fábricas fueron visitados por los popularmente llamados “hombres de la lanceta”, pues para aplicar el líquido preventivo (linfa vacunal) en el brazo de las personas, estos personajes abrían primero una incisión con un alfiler (lanceta).  
Una vez visitados estos lugares, las brigadas se dirigieron a las vecindades de los barrios populares de la ciudad, donde encontraron mayor resistencia. “Los estudiantes y enfermeras han tenido en más de una ocasión que jugarse la vida a cambio de un certero lancetazo en el brazo de un mugroso”, se escribió el 24 de junio de aquel año en EL UNIVERSAL.
La presencia de los vacunadores causaba pánico. En cuanto la portera anunciaba su llegada a la vecindad, la muchedumbre desaparecía “como tragada por la tierra”. “A más de mil personas hemos tenido que sacar de sus escondites debajo de las camas”, relató uno de los médicos a los reporteros de este diario.  
“La vacuna y el miedo están relacionados”, señala  en entrevista la doctora en historia Claudia Agostoni. La introducción de este método preventivo de enfermedades en la sociedad ha sido un proceso larguísimo que aún continúa, añade la especialista en historia de la salud pública.

Niños recibiendo la vacuna contra la viruela en 1930 y 2010. EL UNIVERSAL. Diseño web: Miguel Ángel Garnica. 
Este método fue desarrollado por el médico inglés Edward Jenner a finales del siglo XVIII, cuando observó que las mujeres que ordeñaban a vacas contagiadas de viruela no enfermaban gravemente de viruela humana.
Después de un arduo trabajo, implementó un método que consistía en “inyectar en personas sanas el pus variólico extraído de las pústulas semejantes a las de la viruela que aparecían  en las ubres de las vacas. Con ello, los individuos vacunados experimentaban una reacción atenuada de la enfermedad, y más importante aún, una posterior inmunidad”, explica Claudia Agostoni.
Jenner llamó a su descubrimiento variolae vaccinae, nombre que fue retomado posteriormente para métodos preventivos no sólo de viruela. De ahí proviene que ahora les llamemos vacunas.
Caricatura de Jenner vacunando a los pacientes, que temían que les hiciera crecer apéndices vacunos. (James Gillray, 1802). Wikipedia. 
La vacuna llegó a nuestro territorio antes de que éste se llamara México. A inicios del siglo XIX el rey Carlos IV organizó una expedición para llevar la vacuna de la viruela a los dominios del imperio español. La Real Expedición Filantrópica de la Vacuna, a cargo del médico Francisco Javier Balmis arribó a la Nueva España en 1804.
“Para convencer a la población de que llevara a sus hijos a vacunar, el propio virrey José de Iturrigaray hizo vacunar al suyo”, afirma la historiadora de las epidemias y profesora de la Facultad de Medicina de la UNAM, Ana María Carrillo.
En el inicio, había dos tipos de vacuna contra la viruela: la humanizada y la animal. Ambas tenían su origen en el virus vacuno pero la animal se tomaba directamente de la pústulas de ternera, mientras que la humanizada iba pasando de brazo a brazo. A partir de 1918 en México, afirma la doctora Carrillo, se abandonó la vacuna humanizada.


El UNIVERSAL ILUSTRADO visitó en 1927 el Instituto de Higiene, donde se elaboraban las vacunas y sueros que habrían de preservar la salud de los mexicanos. Nuestro país fue un importante productor de vacunas hasta la década de los años 80, afirma la doctora Ana María Carrillo.
Durante todo el siglo XIX la vacuna de viruela fue aplicada en México. En el gobierno de Porfirio Díaz, refiere Ana María Carrillo, el presidente del Consejo Superior de Salubridad viajó a Francia, donde aprendió a preparar la vacuna antirrábica, que había sido desarrollada por Louis Pasteur.
“A principios del siglo XX, se empleó la vacuna contra la peste, en una epidemia de esa enfermedad que hubo en Mazatlán, Sinaloa. Ya durante el siglo pasado fueron introducidas muchas otras vacunas conforme iban siendo desarrolladas: contra tuberculosis, tosferina, difteria, tétanos, polio...”, comparte la investigadora.
A causa de los problemas socioeconómicos y políticos que vivió el país durante el siglo XIX (Independencia, Reforma, etc..) y a principios del siglo XX (Revolución), llevar a cabo vacunaciones masivas fue muy complicado, “no había personal suficiente, ni una estrategia. Sólo se vacunaba en momentos de epidemias”, afirma Claudia Agostoni.
Es hasta el siglo XX cuando los esfuerzos por vacunar a la población se multiplicaron, continúa la también profesora en la Facultad de Filosofía y Letras de la UNAM.

Educar y prevenir la enfermedad
“¡Hay que vacunarse, hay que vacunarse! Dice toda la gente. Y por temor a tan ingrata enfermedad centenares, miles de brazos se han desnudado para recibir la linfa benéfica”, se escribió en EL UNIVERSAL ILUSTRADO en abril de 1930.
Hacía 5 meses había comenzado una epidemia de viruela en la Ciudad de México y aunque en ese momento había solo 20 pacientes internados en el Hospital General, el temor a contagiarse era tan grande que las personas formaban largas filas afuera de las oficinas de vacuna.
A un costado de la multitud pasó un joven alto y fornido, tipo boxeador. “Eh, Ignacio, ponte a la cola para vacunarte”, le llamó un conocido. “¿Cuándo has visto tú que Hércules tuviera el temor de las viruelas?”, respondió el muchacho, altivo, y siguió su paso entre las risas de la muchedumbre.
Niños recibiendo la vacuna contra la viruela, 1930. Durante aquel año se detectó un brote de esta enfermedad contagiosa, por lo que se procedió a inmunizar a la mayor cantidad de personas posible. EL UNIVERSAL ILUSTRADO.
Acercar y enseñar a la población la importancia de las vacunas fue un proceso largo, de muchos esfuerzos conjuntos, señalan las dos especialistas entrevistadas.
Además de las brigadas organizadas por las autoridades de salud, se implementaron estrategias educativas en las escuelas y en espacios públicos. También se publicaron cartillas y hojas sueltas ilustradas y anuncios en la prensa, añade Claudia Agostoni.
Como parte de las fiestas patrias de septiembre, durante los años 20, el entonces Departamento Sanitario organizaba la Semana de Salubridad. En la edición de 1923 se incluyó un día dedicado a la vacuna.
El 27 de septiembre de aquel año, en las páginas de este diario se anunció que, además de diversos puestos ambulantes de vacunación, durante el primer Día de la Vacuna habría pláticas sobre la historia de este producto y demostraciones de la linfa antivarilosa
Portada del libro Médicos, campañas y vacunas: la viruela y la cultura de su prevención en México 1870-1952, donde aparece una fotografía del primer Día de la Vacuna, en 1923. Para descargarlo, clic aquí.
""Las estrategias que el Estado mexicano empleó fueron de dos tipos: de convencimiento y de coerción”, señala Ana María Carrillo.
“Entre las primeras estaba impartir la vacuna gratuitamente, e incluso dar un apoyo económico a las madres que llevaban a sus hijos a vacunar; tratar de vacunar en iglesias o escuelas, además de emplear la vacuna ambulante, y aprovechar los días de mercado o las fiestas públicas para vacunar a muchos niños” señala la profesora titular del Departamento de Salud Pública de la Facultad de Medicina de la UNAM.
Brigada de vacunación en el pueblo de Magdalena Contreras, 1939. EL UNIVERSAL.
Si en los contextos urbanos era difícil dar a conocer los beneficios de la vacunación, en las zonas rurales mucho más, afirma Claudia Agostoni. “Durante los años 30, en el gobierno de Lázaro Cárdenas, las brigadas contrataban a intermediarios sanitarios, personas que les ayudaban a traducir la información a las lenguas indígenas de los poblados”, añade.
Además de un refrigerador, las ambulancias de estas brigadas incluían proyectores de cine, altavoces e incluso teatro guiñol.
Grupo de vacunadores rumbo al ‘Perico’ (Lourdes) saliendo de Cotija, Michoacán. Archivo Histórico de la Secretaría de Salud. Cortesía: Claudia Agostoni.
Brigada de vacunación en el estado de Chiapas, 1938. EL UNIVERSAL ILUSTRADO.
“Dentro de las estrategias coercitivas estaban establecer la obligatoriedad de la vacuna, e imponer penas de multa o cárcel para los padres que no la cumplieran; buscar en la calle a niños –y a veces a adultos– sin marcas de haber sido vacunados, y vacunarlos por la fuerza, incluso con ayuda de la policía”, comparte Ana María Carrillo.
Otra estrategia, comparte la historiadora, fue “exigir certificado de vacunación de los niños antes de inscribirlos en las escuelas, y hacer lo mismo con quienes quisieran trabajar en fábricas o alistarse en el Ejército; también se vacunaban en las cárceles y en los asilos”.
Fragmento de una plana publicada en este diario el 1 de septiembre 1950.
Muchas veces las personas se oponían a ser vacunadas por miedo a lo desconocido o por ignorancia, pero también porque existieron algunos accidentes en la aplicación que provocaron que los niños enfermaran y hasta que murieran, comenta Ana María Carrillo antes de afirmar: “la gente no es tonta”.
Poco a poco las vacunas fueron aceptadas y crearon confianza entre la población mexicana, en parte por los esfuerzos educativos y por los resultados que tuvieron en el control de las enfermedades.
“Las epidemias eran constantes y provocaban una alta mortalidad; además, hasta el fin de la Segunda Guerra Mundial, prácticamente no hubo tratamientos efectivos contra la mayoría de las enfermedades, por lo que prevenirlas por medio de vacunas era una esperanza”, comparte Ana María Carrillo.
Campaña de vacunación en los años 50. Colección Villasana-Torres.
Las campañas de vacunación fueron agregando nuevas vacunas. En 1952 las autoridades sanitarias de México comunicaron que la viruela se había erradicado del país.
En los años 70 se establecieron días y semanas de vacunación, ya con un sistema de salud más robusto que el de los años 20 y con estrategias epidemiológicas más desarrolladas, afirma Claudia Agostoni.
Además, en 1978 se instituyó por Decreto Presidencial la Cartilla Nacional de Vacunación, a la cual dedicaremos un texto próximamente.
La vacunación y la educación sobre el cuidado de la salud es un proceso que aún continua. Aún existen personas que, incrédulas, no llevan a sus hijos a vacunar.
“La labor educativa en esta materia no ha sido sistemática. En medios de comunicación, por ejemplo, se le da poca importancia a los temas de salud a menos que se trate de un momento de crisis”, afirma Claudia Agostoni.
Así como en los años 20, que sólo se vacunaba en tiempo de epidemias, en la actualidad sólo se habla de salud en momentos coyunturales. “Si la población estuviera expuesta siempre a esta información, comprenderíamos mejor una crisis como esta pandemia de Covid-19 y, quizá, existiría menos incertidumbre”, concluye la especialista.
Nuestra fotografía principal muestra a personas formadas para recibir la vacuna de la viruela en 1930. EL UNIVERSAL ILUSTRADO. 
Fuentes:
Entrevistas con las doctoras en historia Claudia Agostoni y Ana María Carrillo.
 
",Las primeras campañas de vacunación	,https://www.eluniversal.com.mx/opinion/mochilazo-en-el-tiempo/las-primeras-campanas-de-vacunacion
"
Si te encuentras en Estados Unidos y tu viaje tomará más tiempo del avalado por las autoridades del Servicio de Aduanas y Protección Fronteriza, puedes solicitar la extensión de estadía. 

En caso de que no solicites la ampliación, las autoridades estadounidenses te podrían deportar o cancelar tu visa en cuanto salgas del país, por infringir sus normas de migración. 

La solicitud se debe presentar ante los Servicios de Ciudadanía e Inmigración (USCIS) al menos 45 días antes de la fecha límite que tienes para salir del país. 


Lee también: 10 datos que debes saber antes de tramitar tu visa de turista


Al llegar a los Estados Unidos, un agente de Aduanas te debió de marcar el tiempo de estadía permitido, ya sea en el pasaporte o en el permiso I-94, que se obtiene al ingresar por un puerto terrestre, por un costo de seis dólares. 

Si pedirás la ampliación, debes presentar el Formulario I-539, de extensión o cambio de estatus de no inmigrante.

El costo de este trámite es de 370 dólares (7,020 MXN), más 85 dólares (1,883 MXN) de la tarifa de servicios biométricos, de acuerdo con USCIS.

¿Qué se necesita para extender la estadía en EU?


Debes haber sido admitido legalmente con una visa de no inmigrante. 



Este estatus de la visa debe seguir válido. 



Es necesario no haber cometido un delito.



No haber violado las condiciones de admisión o el tiempo de estadía. 



Contar con un pasaporte válido por el tiempo en que se solicita la extensión. 


Las personas que pueden extender la estadía o cambiar de estatus deben contar con los tipos de visa: A-3, B-1, B-2, E-1, E-2, E-3, G-5, H-4, K-3, K-4, L-2. M, N, NATO-7, O-3, P-4, R-2, TD y todas las categorías de la V.

Para ampliar la estadía con las visas basadas en el empleo es necesario envir el Formulario 1-129 ante USCIS.

Para pedir el Formulario I-539 es necesario ingresar a sitio de USCIS en internet. Tras llenar todos los datos se genera una forma de pago en línea. Luego de cubrir la tarifa, se debe completar el envío.  


Visita: Las preguntas más comunes en la entrevista de visa de turista


pb
",,https://www.viveusa.mx/educacion/los-requisitos-para-solicitar-una-extension-de-estadia-en-eu
"
Durante la pandemia la población fue llamada a mantenerse en su casa para evitar la propagación del Covid-19, a menos que se deban realizar actividades esenciales. Una de las preocupaciones que han surgido es si se debe acudir al consultorio dental y qué tan seguro es. 

La Asociación Dental Americana (ADA) recomendó a todos los dentistas que cerraran sus consultorios desde el inicio de la emergencia sanitaria. La única excepción eran los casos de emergencia.

Sin embargo, hace unas semanas, la ADA pidió a los expertos dentales que reanudaran sus operaciones, bajo estrictas medidas de seguridad y desinfección. 


Visita: Covid-19: ¿Cuál es la mejor manera de desinfectar los cubrebocas?


 

Algunos de los procedimientos que se pueden posponer son el blanqueamiento dental, la limpieza de dientes y problemas estéticos.

Antes de visitar el consultorio, pregunta a tu dentista si es necesario acudir por razones como dolor severo, sangrado, inflamación  o dientes rotos.


65% of dental practices are back open, according to HPI poll data from the week of May 18. See the complete poll results. https://t.co/xLTNqsES64 pic.twitter.com/0rkqAPMqDO
— ADA (@AmerDentalAssn) May 28, 2020


 

¿Es seguro ir al dentista? 

El riesgo de contagio por parte de pacientes asintomáticos de Covid-19 está latente, así que las autoridades dentales recomiendan visitar los consultorios únicamente en casos de emergencia. 

No obstante, los dentistas deben cumplir con las medidas de seguridad, por su propia salud, como el lavado de manos frecuente y la esterilización constante de todo su material. Con esto, el riesgo para los pacientes también disminuye. 

Para incrementar la seguridad durante la pandemia, se recomiendan las siguientes medidas para los dentistas: 


Limpiar, reemplazar y cubrir los utensilios después de cada consulta. 



Usar más equipo de protección. 



Mantener un lapso vacío entre cada cita para evitar la concentración de personas. 



Separar los asientos en la sala de espera a más 1.8 metros entre cada uno.


También es importante que los pacientes de abstengan de acudir al dentista si tienen algún síntoma relacionado con el Covid-19, como tos, fiebre o dificultad para respirar. Otra medida de seguridad es no llegar antes de la hora pactada ni acudir con niños, si no es necesario. 


Lee también: ¿Cuánta protección ofrecen los cubrebocas ante el Covid-19?


pb
",,https://www.viveusa.mx/bienestar/covid-19-es-seguro-visitar-al-dentista-durante-la-pandemia
"En la alcaldía de Tlalpan de la Ciudad de México la otra pandemia mexicana no da tregua… Un hombre fue asesinado mientras andaba por calles de la colonia Lomas de Padierna la noche del martes.
Protegido de la contingencia sanitaria por el Covid-19 con un cubrebocas, la víctima —de unos 25 años— se desplazaba a pie cuando fue alcanzado por sujetos, quienes viajaban a bordo de una motocicleta.
Los desconocidos lo atacaron de forma directa sobre la calle Popolna, entre Kinchil y Huehuetán; primero lo apuñalaron y luego lo remataron a balazos.
Los agentes del sector Padierna de la Secretaría de Seguridad Ciudadana recibieron el reporte de disparos y un hombre desvanecido sobre el pavimento, cerca de las 21:00 horas. Aunque los servicios médicos acudieron para ayudar al joven, ya había fallecido, y los uniformados delimitaron el lugar.
Los reportes preliminares apuntan a un ajuste de cuentas, aunque serán las investigaciones ministeriales las que permitan esclarecer el móvil real del ataque.
La policía trató de ubicar a los responsables, pero no se reportaron personas detenidas por este hecho.
Este homicidio ocurre una semana después de la ejecución de tres hombres en la contigua colonia de Héroes de Padierna, cuyo móvil está relacionado con el narcomenudeo.
La Fiscalía capitalina indaga si ambos hechos están relacionados.
",,https://www.elgrafico.mx/la-roja/apunalan-hombre-y-luego-le-disparan-en-tlalpan-la-pandemia-mexicana-no-para
"





México se encuentra a unos días de entrar a la fase 3 de coronavirus Covid-19. Se prevé que lo peor de la pandemia se registre del 2 al 8 de mayo.
Ante esto, es importante que te mantengas informado y atento a las indicaciones de las autoridades y te quedes en casa, para evitar contagios de coronavirus.
¿Cuáles son los primeros síntomas del coronavirus?
Los principales síntomas de Covid-19 son: fiebre, tos seca y cansancio. Otras de las primeras manifestaciones del coronavirus en el cuerpo es la pérdida del sentido del olfato (anosmia) y del gusto.
También se puede presentar dolor de cabeza (a causa de la fiebre), ardor de garganta, escurrimiento nasal.
En caso de que presentes algunos de estos síntomas, debes permanecer en cuarentena en tu casa para evitar contagios, en caso de que seas un paciente con coronavirus. Recuerda que del 70 al 80 por ciento de los enfermos de Covid-19 se recuperan en casa.
También puedes acudir a las alternativas que ofrecen algunos gobiernos locales. Por ejemplo, la CDMX habilitó un servicio de mensajes sms y un sitio web para encontrar posibles casos de coronavirus. 
A los casos sospechosos detectados por esta vía, se les practiica la prueba a domicilio y en caso de dar positivo a Covid-19, se les otorga un kit y una despensa, para que puedan permanecer en casa.

¿Coronavirus: cómo sé cuándo debo ir al hospital?
El síntoma que te alerta sobre la gravedad en un caso de coronavirus es la dificultad para respirar.
Es muy importante que si detectas que tienes problemas para respirar, te dirijas al hospital Covid-19 más cercano.
Ahora bien, es importante señalar algo: no se debe confunfir la dificultar para respirar con la congestión nasal, o el sentirse mormado como cuando tienes catarro.
Un ejemplo de como se manifiesta la dificultad para resporar es cuando se hace un esfuerzo mínimo (caminar unos metros, subir unos cuantos escalones), y comienzas a sentir que te falta el aire o que te cansas muy rápido. Incluso, esta sensación la puedes llegar a sentir cuando estás en reposo.
La neumonía es la manifestación grave del coronavirus, es por esa razón que al primer síntoma de falta de aire, debes acudir al hospital para evitar que la enfermedad avance.
¿Qué es la fase tres del coronavirus?
Los tres niveles o fases de contingencia por coronavirus son:


Fase 1. Importación viral. Se presentan decenas de casos importados o de contacto con alguna persona infectada que importó el virus; las autoridades pueden determinar el origen de estos,


Fase 2. Dispersión comunitaria. Se presentan cientos de casos. Se pierde el origen de los contagios. Las personas comienzan a contagiarse unas a otras sin haber tenido contacto con alguna persona que importó el virus.


Fase 3. Epidémico. Se registran miles de casos.


La fase 3 del coronavirus será la etapa más difícil de la pandemia. El propio presidente Andrés Manuel López Obrador ha señalado al respecto que ""la parte más díficil de la epidemia está por llegar"".
La fase tres del Covid-19 se prevé inicie entre dos y tres semanas después de haber llegado a la fase 2. (Es decir, aproximadamente por el 14 a 21 de abril).
Las autoridades sanitarias estiman que durante la fase 3 los casos de contagio del coronavirus se multipliquen y se alcance una cifra de 175 a 300 mil enfermos, de los cuales el 70 por ciento podrían ser asintomáticos y una minoría requeriría hospitalización.
El peor escenario de la fase 3 implicaría que no se hubieran respetado las medidas de la Jornada Nacional de Sana Distancia, y que el coronavirus alcance a infectar a aproximadamente del 0.5 al 1 por ciento de los mexicanos. Es decir, 1.2 millones de personas aproximadamente.
El subsecretario Hugo López Gatell ha señalado que la fase tres se va a dar, pero que la aplicación de las medidas de sana distancia mitigará en el número de casos.
Medidas de prevención del coronavirus Covid-19
La Dirección General de Promoción de la Salud señala que es importante fortalecer las siguientes medidas para evitar el contagio de coronavirus:


Lavarse las manos frecuentemente con agua y jabón o utilizar gel con base de alcohol al 70%.


Al toser o estornudar, utilizar el estornudo de etiqueta, que consiste en cubrirse la nariz y boca con un pañuelo desechable o con el ángulo interno del brazo.


No tocarse la cara, la nariz, la boca y los ojos con las manos sucias.


Limpiar y desinfectar superficies y objetos de uso común en: casas, oficinas, sitios cerrados, transporte, centros de reunión, etc.


Quedarse en casa cuando se tienen padecimientos respiratorios y acudir al médico si se presenta alguno de los síntomas (fiebre mayor a 38°C, dolor de cabeza, dolor de garganta, escurrimiento nasal, etc.)


MÁS INFORMACIÓN SOBRE EL CORONAVIRUS EN MÉXICO:
Estas son las 6 condiciones para levantar la cuarentena de Covid-19
Casos de coronavirus en Mexico por estado | Estadísticas Covid-19
Coronavirus: Laboratorios privados donde hacen la prueba Covid-19 
Coronavirus: Canales dónde pasan clases de la SEP por contingencia
Casos de coronavirus en el Estado de México | Covid-19
Qué hacer en cuarentena para no aburrirse
¿Cómo hacer tu gel antibacterial casero para manos con alcohol?
Coronavirus: 15 datos que debes saber sobre la pandemia de Covid-19
Cuántos casos hay de coronavirus en Yucatán
¿Cuántos casos de coronavirus hay en Jalisco? 
¿Cuántos casos de Coronavirus hay en el Estado de México?
Coronavirus: Clases de la SEP por contingencia, lo que debes saber
Covid-19: ¿Cuándo se acaba la cuarentena en México?
Clases para niños de primaria y secundaria en línea | Coronavirus
Pros y contras de salir a correr en cuarentena | Coronavirus
Curso gratis en línea para aprender Excel | Fundación Carlos Slim
Coronavirus: 10 cosas que hacer en cuarentena para no aburrirse 
 

",Primeros síntomas coronavirus: ¿cuáles son y cuándo ir al hospital?,http://www.unionpuebla.mx/articulo/2020/04/21/educacion/primeros-sintomas-coronavirus-cuales-son-y-cuando-ir-al-hospital
"
La válvula potosina desarrollada por investigadores en San Luis Potosí, devuelve la esperanza a pacientes delicados de Covid-19, pues tiene la función de regular el paso de oxígeno de un respirador clínico a una máscara, y además, previene el contagio de la enfermedad, y así hacer frente a la pandemia global por el coronavirus. 

José Gerardo Valdez García, estudiante del quinto semestre de odontología de 21 años de edad, en conjunto con un grupo de investigadores, entre ellos su padre, el cirujano José Valdez Tejeda y  el doctor, José Andrés Azcárate Varela, Cirujano Plástico, comenzaron con el trabajo de investigación alrededor de dos meses, a la par del inicio de la cuarentena en la entidad potosina.

José Gerardo descubrió en internet que dos atletas de Brescia, Italia, usaban máscaras estilo full face para buceo. Lo importante de estas máscaras es que cubren tres partes importantes del rostro: ojos, naríz y boca, además de implementar una válvula también llamada Charlotte, la cual conecta el respirador y la mascarilla, explicó. 



Foto: Cortesía

“Sabemos que el Covid-19 causa dificultad para respirar y a los pacientes (de coronavirus) se les administra el oxígeno, por parte de los delineadores quirúrgicos, por eso existe esa gran demanda y a la hora que colocan el ventilador sin la máscara, puede que ahí haya un contagio; ya que se puede colocar mal la mascarilla, el paciente tosa, estornude, quiera hablar y las micro gotitas de saliva pueden hacer un contagio”, mencionó José Gerardo.

“Con la máscara puesta, el virus no puede pasar, pues cubre toda la cara del paciente. Con ello, se benefician enfermeras, médicos, paramédicos, si el paciente tiene la máscara, el personal médico va a estar protegido, además de que tiene un filtro N-95”, dice José Gerardo. 

Valdez García explica que para desarrollar la válvula descargó un archivo de impresión 3D de una empresa deportiva italiana, y las pruebas de desarrollo tardaron dos meses entre el grupo de investigadores. 



Foto: Cortesía

“La válvula está hecha con un material tipo resina, para poder realizarla es por medio de un archivo y su impresión dura aproximadamente entre tres y cuatro horas, se mete a la impresora 3D y ella hace todo el trabajo”, especifió.

Ya teniendo la válvula se hicieron pruebas en el hospital de Especialidades Médicas de la Salud, en áreas como: terapia intensiva, tanto con máscara, válvula y ventilador, acción que Gerardo califica como “todo un éxito”.

El Club Rotario potosino apoyó este desarrollo y en conjunto con los investigadores donaron 30 válvulas y 30 máscaras al Hospital Central “Ignacio Morones Prieto”, el Hospital General de Soledad, Clínica No. 50 de IMSS y al Hospital de Especialidades Médicas de la Salud.



Foto: Cortesía

José Gerardo Valdez señala que la investigación y la producción de máscaras y válvulas seguirán de forma altruista para combatir el coronavirus en San Luis Potosí. “No van a salir a la venta, seguirán las donaciones a los hospitales, más ahora que los casos de Covid-19 seguirán en aumento”. 

Personal médico que las ha utilizado asegura que las máscaras son cómodas y se sienten más seguros para prevenir los contagios.
","Con tecnología 3D, potosinos crean válvula para enfrentar el Covid-19",https://sanluis.eluniversal.com.mx/sociedad/26-05-2020/con-tecnologia-3d-potosinos-crean-valvula-para-enfrentar-el-covid-19
"

La caída del indicador de confianza del consumidor, en el nivel más bajo desde la adopción de este parámetro hace 19 años, confirma uno de los peores temores en medio de la crisis generada por la pandemia de Covid-19: el pesimismo de la sociedad mexicana con respecto a su situación económica y la percepción colectiva de escasas probabilidades de una recuperación en el corto plazo.

Si bien el Indicador de Confianza del Consumidor se basa en factores subjetivos, es a la vez el más fidedigno reflejo de la percepción popular sobre el ámbito económico cotidiano, y en el que si bien pueden influir las promesas y mensajes de optimismo de las autoridades en los que se pronostica una pronta recuperación económica, es algo que se antoja como irreal cuando las noticias negativas cunden por todos lados y en entornos preocupantemente inmediatos.

La estabilidad que una persona siente con respecto a su fuente de ingresos determina sus actividades de consumo y su propensión al ahorro de emergencia en caso de percibir que las entradas de dinero podrían verse mermadas o canceladas en el futuro inmediato. Como esto último está sucediendo, los ciudadanos dejan de hacer compras o adquirir servicios que no consideren esenciales, concentrándose en cubrir solamente rubros básicos como la comida, la vivienda o el pago de suministros esenciales como gas o electricidad, todo ello en detrimento de otros sectores de la economía, como el turismo o la industria del entretenimiento, que dependen de la tranquilidad financiera y la percepción de bonanza entre la población.

Como resultado de esta ralentización de la actividad económica general del país, las empresas y corporaciones —nacionales o extranjeras— reducen o posponen las inversiones, mientras que las instituciones financieras y bancarias restringen los créditos, lo que a su vez contribuye aún más a desincentivar el consumo.

La Confianza del Consumidor es un índice que llegó a puntos muy altos (32%) al inicio del gobierno actual y que se desploma ahora a 9.9% por la pandemia del Covid y por la crisis económica generada, así como por el deterioro en el bienestar que ya se venía arrastrando de décadas atrás. No son especialistas ni organismos internacionales los que determinan este índice, sino la población en general consultada por Inegi y Banxico. Muestra en realidad los temores de una sociedad, los cuales actualmente son preocupantes porque una parte teme con no contar con recursos ni para bienes básicos. Este resultado es una llamada de alerta y un aviso para las autoridades para que los discursos de optimismo se reflejen en acciones concretas de recuperación económica.
",Pesimismo y desconfianza,https://www.eluniversal.com.mx/opinion/editorial-el-universal/pesimismo-y-desconfianza
"
Naucalpan, Méx.- La agresión de un presunto notario a su esposa, captada en video, quien sería sacada de su casa en plena pandemia por Covid-19, fue cuestionada por Colegios de Notarios y por la diputada Karina Labastida, quien informó que la Fiscalía del Estado de México y la Comisión Ejecutiva de Atención a Víctimas mexiquense ya investigan el caso.
En redes sociales circula un video en el que se observa que un hombre, presuntamente notario del Estado de México, con sede en Naucalpan, jala en repetidas ocasiones a una mujer, quien pide auxilio en la calle, mientras está en el piso.
 “¡Por favor llame a la policía, mírelo cómo se está poniendo”. Una persona que iba pasando intentó ayudar, sin embargo se fue del lugar al conocer que son pareja, “pero es su esposo” y se retira argumentando que no puede hacer nada.
 
-“¡No me puedes sacar Horacio!”, grita enfática la mujer.
 
-¿Por qué no?, le responde quien presuntamente es su marido.  
 
-“Es mi casa y no me puedes sacar de ahí”, le argumenta la mujer mientras está hincada en el piso de la calle.
 
-“Me las das por las buenas o por las malas”, repite el hombre quien trata de quitarle unas llaves.
 
-“Me estás amenazando” solloza la mujer, quien empuja la puerta donde el hombre trata de impedirle el paso.
 
-“¡Déjame, no te voy a dar las llaves!” grita la mujer, mientras el hombre la jala de su ropa interior al meter su mano al pantalón de ella.
 
-¡Suéltame, me estás lastimando, entiéndelo! grita la mujer, “¡esta es mi casa no me puedes sacar de aquí!”.
 
“¡Tú no tienes nada aquí!”, le responde el hombre que fue identificado como Horacio, presunto notario del Estado de México.
 
Policías de género de Naucalpan, acudieron al auxilio de la señora para bridar apoyo y asesoría, sin embargo ella les informó que ella atendería el caso con sus abogados, informaron autoridades locales.
EL UNIVERSAL solicitó versión al Colegio de Notarios del Estado de México, quienes aún no emiten una postura. Además a  la Notaría 102 del Estado de México con sede en Naucalpan, donde los números telefónicos no responden y las oficinas aparentemente no tienen actividad.
No obstante el Colegio de Notarios de la Ciudad de México lamentó el hecho, aunque apuntaron que no tienen facultades de actuación, pues la persona que se menciona no es miembro de ese Colegio. “No obstante, promovemos respeto total a las mujeres  y consideramos reprobable e injustificada cualquier agresión en su contra”.
La legisladora Karina Labastida quien preside comisión de violencia de género, afirmó que “me he manifestado desde hace años en contra de la violencia contra las mujeres, desde lo más mínimo, hasta los asuntos más graves y esta nop es la excepción”.

 

Circula video en redes sociales @Edomex @GobNau es importante verifiquen qué pasa. #VIDEO | Este es el Notario 102 de Nombre Horacio Aguilar Alvarez de Alba, violentando a su esposa.
Esto sucedió en Notaria 102 en Naucalpan estado de México.
“Por las buenas o por las malas” pic.twitter.com/ftlE9bJhbX
 — Satélite Alerta (@SateliteAlerta) May 28, 2020

lr/fml
","""Por favor llame a la policía""; captan a supuesto notario del Edomex cuando agrede a mujer ",http://www.eluniversal.com.mx/metropoli/edomex/video-captan-supuesto-notario-del-edomex-cuando-agrede-mujer
"
Desde el 14 de mayo pasado, comerciantes establecidos y pequeños empresarios de la calle Manuel Doblado, en la alcaldía Cuauhtémoc, entregaron un escrito a las autoridades capitalinas informando que presuntos integrantes de La Unión Tepito ofrecen préstamos en efectivo con facilidades y bajos intereses.

En el documento, consultado por EL UNIVERSAL, advierten que los índices delictivos podrían dispararse en la zona por esta práctica, en específico los delitos patrimoniales.

“En las últimas dos semanas hemos visto la entrega de recursos [préstamos, repartición de] despensas y dinero en nuestras calles, por parte de grupos del crimen organizado, que con estas acciones se están empoderando y ganando seguidores”, se puede leer en el escrito que fue remitido ese día al subsecretario de Gobierno de la Ciudad de México, Arturo Medina.

Fuentes consultadas precisaron que el pasado 21 de mayo los comerciantes sostuvieron una reunión con las autoridades locales, quienes les informaron que la Policía de Investigación (PDI), de la Fiscalía General de Justicia (FGJ) de la capital del país, comenzó las indagatorias correspondientes.

La entrega de estos préstamos, dijeron comerciantes entrevistados por esta casa editorial, inició en la fase 2 de la contingencia sanitaria por coronavirus (Covid-19), justo cuando se ordenó el cierre de comercios no prioritarios.

Testimonios refieren que un grupo de sujetos recorre en motonetas calles del perímetro B de la alcaldía, como Manuel Doblado, Peña y Peña, Berriozábal, Costa Rica, González Ortega y el Eje 1 Norte.

EL UNIVERSAL publicó en su edición del pasado lunes que ante la crisis económica que presenta el gremio de comerciantes aparecieron algunos grupos de la delincuencia organizada que se encuentra asentada en esa misma zona de la capital, que a través de préstamos en efectivo, con facilidades y bajos intereses buscan blanquear el dinero que les deja la venta de drogas al menudeo y la extorsión.

Informes de las autoridades revelan que desde el año pasado la organización que lideraba Óscar Andrés Flores Ramírez, El Lunares, creó la empresa Presta-Credit, de la que no se tienen registros oficiales.

Durante la contingencia sanitaria, los comerciantes han registrado estas actividades presuntamente ligadas a La Unión Tepito, según un trabajo de inteligencia a nivel federal que fue compartido con las autoridades capitalinas.

Tras la reunión de los comerciantes con las autoridades capitalinas el panorama sigue siendo el mismo, precisaron las personas consultadas, ya que los presuntos integrantes de La Unión Tepito continúan con esta práctica.

Dijeron que las zonas comerciales de los perímetros A y B requieren de una estrategia que ayude a la recuperación económica, con facilidades para renegociar los contratos con proveedores que quedaron a la deriva por la contingencia.

Además, hicieron un llamado para que el próximo lunes no se reactive la actividad del comercio ambulante en la zona, ya que el semáforo de contagios por Covid-19 continúa en color rojo y “no respetarán las medidas de sanidad”.

Asaltos

Sin embargo, ésta no es la única problemática que se ha presentado para los comerciantes, ya que en las calles de Costa Rica, Berriozábal, González Ortega y Vidal Alcocer los delincuentes se han valido del cierre de los locales establecidos para entrar a asaltarlos.

El modus operandi consiste en que los delincuentes arriban a los comercios que actualmente despachan a puerta cerrada y cuando son atendidos ingresan con violencia para llevarse lo que encuentren.

De acuerdo con los datos proporcionados por los comerciantes, se han registrado alrededor de siete casos similares en esas calles.
",Desde inicio de fase 2 La Unión Tepito ofrece créditos,http://www.eluniversal.com.mx/metropoli/desde-inicio-de-fase-2-la-union-tepito-ofrece-creditos
"

Desde el inicio de la pandemia, he generado un par de listas de recomendaciones para ver, leer y pensar mientras dura la cuarentena. Esta debería de acabar esta semana, pero todo indica que, para muchos, el encierro se va a extender aún por un buen tiempo. En consecuencia, les dejo algunas sugerencias adicionales sobre temas relacionados con las obsesiones de esta columna.

1.¿Por qué un delincuente hace lo que hace? ¿Por qué rompe la ley? ¿Qué lo motiva? ¿Sólo el afán de lucro? ¿O hay otras motivaciones psicológicas? Igual de importante, ¿qué le hace escoger el delito que acaba cometiendo? ¿Cómo decide entre distintos blancos y diferentes métodos? Responder estas preguntas parecería crucial para disuadir el comportamiento criminal. Sin embargo, es un área relativamente poco explorada, en buena medida por la dificultad para obtener buenos datos (no es fácil armar un grupo de enfoque con esa población objetivo). No obstante, existen algunos estudios interesantes en la materia, como este: https://amzn.to/3gz6eDl.

2.Más allá de la teoría, hay historias concretas de delincuentes, de grandes vuelos o pequeños alcances. Esas a menudo dicen más que las más sofisticadas aproximaciones criminológicas. El clásico de clásicos del género es A Sangre Fría de Truman Capote, una novela de no ficción sobre el brutal asesinato de una familia en Kansas (https://amzn.to/2X9HfyP). Pero también pueden consultar esta lista de historias reales de delincuentes, preparada por un periodista de The Guardian especializado en temas policiales: https://bit.ly/36GovKp.

3.Vale también la pena explorar las motivaciones de los policías, de los que viven para prevenir y resolver delitos. En la literatura, primero: pueden encontrar aquí una lista de cinco grandes detectives de la novela negra latinoamericana (https://bbc.in/2TNq6J8). Pero también en la vida real: si les interesa el tema, pueden consultar esta lista de biografías de policías (entre ellas, la de los agentes que persiguieron al más célebre ladrón de bancos de todos los tiempos, John Dillinger): https://bit.ly/36FUvP1.

4.Hablando de Dillinger, hay muy buen cine sobre robo de bancos. Algunas selecciones en esta categoría son obvias, como la genial Tarde de Perros, dirigida por Sidney Lumet y protagonizada por un joven Al Pacino (https://amzn.to/2M8BgUJ). O también Bonnie y Clyde, con Faye Dunaway y Warren Beatty (https://amzn.to/3eyj5Eh). Pero pueden encontrar muchas otras (algunas fantásticas como la francesa Rififi) aquí: https://bit.ly/2MavB0x.

5.¿Qué efectos producen distintas drogas? ¿Qué le hace al cuerpo y a la conciencia el consumo de diversas sustancias? Tal vez no haya mejor y más detalladas respuestas a esas preguntas que en el Erowid Center, una organización sin fines de lucro fundada por una pareja de activistas, Fire y Earth Erowid (les juro que así se llaman). Allí pueden encontrar una sección (Erowid Experience Vault), donde se describen las experiencias que produce el consumo de diversas sustancias (solas o combinadas). Es material sumamente interesante y revelador, sin importar las opiniones de cada quien sobre el uso de sustancias psicoactivas (https://bit.ly/2AnlylV).

6.Para finalizar, la sección musical. Dado el encierro, se impone escuchar a Bob Dylan, en particular All Along the Watchtower. Tal vez las personas de cierta edad recuerden el primer verso de esa canción: There must be some kind of way outta here. Es la pregunta que muchos nos hacemos en la cuarentena interminable. Pueden escuchar aquí la versión original (https://bit.ly/36Q9mql). Y aquí la inolvidable reinterpretación de Jimi Hendrix (https://bit.ly/2M7fIrD).

Feliz fin del principio.
 

[email protected]. @ahope71
",Para seguir con la cuarentena,https://www.eluniversal.com.mx/opinion/alejandro-hope/para-seguir-con-la-cuarentena
"
Si el servicio de Telcel falla por menos de tres días consecutivos, la empresa no hará reembolsos o bonificaciones.
De acuerdo con el contrato de prestación de servicios de Telcel, no habrá bonificación o compensación cuando “los servicios sean interrumpidos por factores de caso fortuito o fuerza mayor por un periodo menor a 72 horas consecutivas”.
Tampoco si hay una concentración inusual de usuarios en una radio base o conjunto de radio bases o el equipo no se encuentra en condiciones óptimas de funcionamiento.
También lee: Falla de Telcel pone en jaque a usuarios
No habrá reembolso “en aquellas situaciones que se describan como excluyentes al operador de telecomunicaciones de conformidad con la normatividad aplicable y la diversa contenida en los acuerdos internacionales de observancia para México”, señala el contrato.
Cuando los servicios de la empresa se interrumpan de manera general por causas imputables exclusivamente a ésta, será cuando se compense a los usuarios “la parte proporcional correspondiente a los servicios que se dejaron de prestar más la bonificación correspondiente”.
vcr/hm
",¿Cuándo Telcel puede bonificar o reembolsar por una falla?,http://www.eluniversal.com.mx/cartera/cuando-telcel-puede-bonificar-o-reembolsar-por-una-falla
"
Twitter  es una plataforma que poco a poco se ha ido transformando aumentado el número de caracteres permitidos en un mensaje o agregando reacciones. La última novedad de la plataforma es que será posible programar los tweets.
Como sucede con este tipo de funciones, en un inicio de la herramienta solo estuvo disponible para algunos usuarios como una versión beta. Pero ahora Twitter la está liberando para todos sus usuarios y en Tech Bit te decimos cómo utilizarla.
Lo primero que hay que aclarar es que, por ahora solo es posible programar un tweet desde la versión de escritorio.
 

Not quite ready to send that Tweet? Now on https://t.co/fuPJa36kt0 you can save it as a draft or schedule it to send at a specific time –– all from the Tweet composer! pic.twitter.com/d89ESgVZal
 — Twitter Support (@TwitterSupport) May 28, 2020

Lee también: Trump firmará orden ejecutiva para redes sociales tras pelea con Twitter 
En tu navegador ingresa a Twitter.
Escribe un tweet y, en lugar de dar en publicar, haz clic en el botón de programación, representado por un icono de calendario ubicado en el cuadro Redactar.
Establece la fecha y hora en la que deseas que se envíe el tweet.
Es así que en la plataforma ahora también encontrarás un ícono para ver todos tus borradores programados. A través de la ventana Tweets programados tendrás la opción de eliminar aquellos que, al final, decidas que no quieres publicar.

Lee también: Twitter lanza nueva configuración “no me @” 
La función será especialmente útil para casos como cuando las marcas quieren publicar mensajes a ciertas horas del día, pero también podría ser la solución para que no vuelvas a olvidar una felicitación de cumpleaños.
Y no es la única novedad dada a conocer por la red de microblogging. La compañía anunció también que permitirá a los usuarios guardar borradores de sus tweets en la aplicación web. El detalle en este caso es que solo se podrá verlos ingresando desde un navegador web y no desde la aplicación móvil.
Aunque estas herramientas pueden ser muy útiles para algunos, los usuarios siguen esperando el día en que Twitter permite editar los mensajes, pero eso parece que no sucederá pronto. 
 
",Ya podrás programar mensajes en Twitter,http://www.eluniversal.com.mx/techbit/ya-podras-programar-mensajes-en-twitter
 223 % PULSO SOCIAL67 ,,https://de10.com.mx/vivir-bien/10-razones-para-adoptar-un-perro-mestizo-en-vez-de-comprar-uno-de-raza
"

La música ensordecedora empieza alrededor de las ocho de la noche y continúa hasta altas horas de la madrugada. Con la música se entremezclan carcajadas y, dependiendo de la canción, una que otra cantada. Así varias noches a la semana. Luego se escucha una ambulancia. Conforme pasan las semanas es más usual escuchar ambulancias a todas horas del día. Durante el día se escucha el movimiento habitual de las personas en la calle, conversaciones, risas y a los habituales vendedores ambulantes que pasan anunciando sus productos. Los partidos de futbol de la esquina se escuchan los fines de semana. Todas estas descripciones sonoras podrían parecer rememoraciones felices de nuestras actividades antes de la pandemia, desgraciadamente no lo son, lo que describo es lo que he escuchado todos los días desde mi ventana en Iztapalapa desde que comenzó este periodo de confinamiento social. Si uno sale a la calle parece que en plena fase 3 todo sigue igual en esta alcaldía. Muy poca gente con cubrebocas al caminar por la calle y muchas personas en la calle haciendo sus actividades usuales diarias.

Sin embargo, cuando uno revisa las cifras de infectados y muertos por Covid las cosas son muy distintas. Iztapalapa es la alcaldía con más casos por Covid en la CDMX con 4,274 casos confirmados acumulados y 1,133 sospechosos acumulados. Tomando en cuenta el porcentaje de casos confirmados por 100 mil habitantes las cosas toman otra dimensión. En este conteo la primer alcaldía con mayor número de casos es Milpa Alta con una tasa de 460 contagios confirmados por 100 mil habitantes, le siguen Iztacalco, Xochimilco y Tláhuac. Llama la atención que las alcaldías que más casos confirmados de Covid reportan son alcaldías de la CDMX con un perfil socioeconómico bajo. Entre ellas está Iztapalapa.

Una cosa que es importante seguir recalcando es la diferencia abismal de vivencias y de expectativas que se tienen al enfrentar el Covid-19 dependiendo de la situación socioeconómica en que se vive. Desde el privilegio que implica tener acceso a agua para lavarse las manos constantemente, hasta el lujo de poder trabajar a distancia sin temor alguno por no tener comida, hasta el nivel de incredulidad por el daño que puede hacer algo que no se ve. “¿Un virus?, esas son mentiras del gobierno para matar gente”, “Yo no creo que exista el virus, no conozco a nadie que se haya enfermado”, “Me siento mal pero no quiero ir al hospital, ahí se murió mi vecina y no quiero que me pase lo mismo”.

Mientras la incredulidad, la falta de información y la necesidad de gran parte de la población prevalezcan, será muy difícil que logremos salir de esta fase 3 en las regiones con más contagios del país. Aunque se agradecen las conferencias del subsecretario López-Gatell, el lenguaje utilizado en las mismas, aunque claro, tan solo le habla a una pequeña parte de la población educada que entiende las diferencias entre mortalidad y letalidad y lo que implican los porcentajes y las gráficas que en ellas enseña. El mensaje de “quédate en casa” parece no ser tan contundente cuando el propio Presidente informa que ya pasó lo peor de la pandemia, que ya aplanamos la curva y que reiniciará sus giras en los próximos días.

Hace unas semanas mi madre empezó con síntomas de lo que parecía una gripa. Sin embargo, conforme pasaban los días los síntomas fueron volviéndose preocupantes. Luego empezó con síntomas mi padre, desgraciadamente dada su hipertensión las cosas fueron muy distintas para él, de empezar con fiebre hasta llegar a tener una saturación de oxígeno en la sangre en 84%. No puedo explicar con palabras el terror y la angustia que padecí al ver a mis dos padres enfrentarse al Covid-19, no hay sensación de mayor impotencia que tener a un ser querido que no puede respirar por su propia cuenta. Sufrimos para encontrar una cama de hospital para mi papá, pero lo logramos, gracias al apoyo y el privilegio de poder acceder a servicios médicos privados. Incluso creyendo en la seriedad de la situación, mi familia padeció el Covid-19, sin embargo, los resultados de poder superar medianamente bien esta terrible enfermedad no serán los mismos para todos. Hoy más que nunca se debe dar el mensaje claro y contundente de parte del gobierno de qué hacer, más allá de gráficas y cifras, hoy más que nunca esa falta de contundencia puede significar la mayor pérdida de vidas humanas. Por favor, si pueden, quédense en casa.
 Directora Ejecutiva de Impunidad Cero
",Vivir con Covid en Iztapalapa ,https://www.eluniversal.com.mx/opinion/irene-tello-arista/vivir-con-covid-en-iztapalapa
